id,first_name,last_name,Username,Department,Location
2562172310,Britni,Khidr,bkhidr0,Marketing,Sydney
5825210369,Gusella,Dozdill,gdozdill1,Sales,Beijing
8688218617,Niles,Gobbet,ngobbet2,Support,Singapore
4871562409,Beret,Cuesta,bcuesta3,Research and Development,San Francisco
3560670616,Joey,Jaggs,jjaggs4,Engineering,Chicago
5540873890,Charisse,Andreotti,candreotti5,Engineering,Mumbai
9236313701,Gusti,Olle,golle6,Engineering,Buenos Aires
2315599490,Hall,Bottinelli,hbottinelli7,Marketing,Buenos Aires
1593339496,Rubie,Caze,rcaze8,Support,Paris
3252151278,Vernice,Tonn,vtonn9,Accounting,Paris
7611024949,Larisa,Ourtic,lourtica,Engineering,Tokyo
6993507730,Gardener,Springer,gspringerb,Support,Atlanta
9084968336,Tait,O'Shea,tosheac,Services,Paris
3007709458,Marne,Crews,mcrewsd,Training,Beijing
4587868841,Florenza,Pannett,fpannette,Marketing,Atlanta
5784855522,Polly,Broadstock,pbroadstockf,Sales,Addis Ababa
9339669797,Raffaello,Carter,rcarterg,Research and Development,New York
1638898766,Hollyanne,Camps,hcampsh,Business Development,Paris
9702715180,Johnny,Hinckesman,jhinckesmani,Legal,Paris
5025122120,Renato,Mozzi,rmozzij,Training,Paris
3556009544,Agustin,Chidley,achidleyk,Accounting,Seoul
1359901736,Marylinda,Croan,mcroanl,Sales,Seoul
8160628595,Ali,Cruce,acrucem,Support,Stockholm
9858832753,Shalna,Wadeling,swadelingn,Services,Paris
8983096454,Nady,Keveren,nkevereno,Legal,Paris
2962859380,Giana,Joist,gjoistp,Support,Sydney
2261224214,Rosamond,Cowup,rcowupq,Services,Hong Kong
7265669827,Wandie,Franies,wfraniesr,Engineering,Rome
6028413046,Callida,MacMaykin,cmacmaykins,Services,Paris
0732480949,Erin,Ruggier,eruggiert,Human Resources,Seoul
9130021790,Kit,Wright,kwrightu,Training,Paris
3647805726,Christy,Budgey,cbudgeyv,Accounting,Singapore
0804278741,Terence,Murname,tmurnamew,Services,Sydney
0654625123,Norine,Cosgreave,ncosgreavex,Services,San Francisco
4703810158,Renata,Grisley,rgrisleyy,Sales,Paris
9922534630,Marlene,Ogan,moganz,Support,Singapore
7234624708,Bobbe,Lufkin,blufkin10,Product Management,Munich
1008044261,Jasmina,Tatters,jtatters11,Product Management,Atlanta
8552422298,Lonnie,Seedman,lseedman12,Marketing,Buenos Aires
7580472597,Britt,Coppin,bcoppin13,Product Management,Atlanta
0747925070,Ashia,Goney,agoney14,Engineering,Chicago
0175227004,Rafaello,Koubu,rkoubu15,Engineering,Seoul
2719430935,Marjory,Celli,mcelli16,Sales,Addis Ababa
7115137617,Barb,Lasty,blasty17,Product Management,Chicago
6246907997,Kevan,Cathel,kcathel18,Engineering,Chicago
0772233233,Libbie,Deeming,ldeeming19,Marketing,New York
9500962438,Reena,Keepin,rkeepin1a,Research and Development,Delhi
3180144041,Morlee,Cumber,mcumber1b,Marketing,Amsterdam
5109936404,Northrop,Whyborn,nwhyborn1c,Engineering,Paris
1768070423,Rhiamon,Steljes,rsteljes1d,Services,Sydney
7941976021,Coretta,Moohan,cmoohan1e,Engineering,Cape Town
2305487185,Gerri,Carus,gcarus1f,Engineering,San Francisco
9544226362,Chadwick,Gascoyen,cgascoyen1g,Human Resources,Tokyo
0632415142,Gerhardt,Phizacklea,gphizacklea1h,Engineering,Addis Ababa
0238169057,Vite,Dishmon,vdishmon1i,Services,Dallas
1397759321,Bel,Duester,bduester1j,Accounting,Hong Kong
3623959332,Major,Loxton,mloxton1k,Product Management,Paris
0823150097,Earle,Scobie,escobie1l,Human Resources,Beijing
5551281620,Madison,Birdfield,mbirdfield1m,Engineering,New York
1705985416,Elwira,Vickerman,evickerman1n,Marketing,Melbourne
1760297704,Pippy,Guidotti,pguidotti1o,Engineering,London
0137016034,Florette,Shankland,fshankland1p,Accounting,Dallas
6961750567,Leeanne,Meiklam,lmeiklam1q,Legal,Zurich
1717679994,Stanislaus,Cluely,scluely1r,Legal,Atlanta
8429842152,Sanderson,Noddle,snoddle1s,Human Resources,Paris
6622080968,Winfield,Staries,wstaries1t,Research and Development,London
4059930180,Burl,Glentworth,bglentworth1u,Accounting,Paris
1169931642,Arv,Jardein,ajardein1v,Sales,Atlanta
6117029365,Seward,Kingsmill,skingsmill1w,Business Development,Paris
4619300721,Sibley,Aburrow,saburrow1x,Human Resources,Dallas
7327930574,Marlin,Forri,mforri1y,Accounting,Doha
4202730909,Tildie,Valler,tvaller1z,Sales,Doha
4362839208,Leora,Pennacci,lpennacci20,Business Development,Chicago
7517341359,Pyotr,Chenery,pchenery21,Product Management,Chicago
5398581554,Krystle,Glasheen,kglasheen22,Engineering,Singapore
9122016775,Orran,Hollebon,ohollebon23,Services,Paris
9134489169,Terry,Stoodley,tstoodley24,Research and Development,Singapore
3426199955,Dame,Campanelli,dcampanelli25,Accounting,Tokyo
3272976493,Ange,Symon,asymon26,Business Development,Mumbai
1533003297,Patrizia,Benito,pbenito27,Training,Frankfurt
1180100301,Ninnetta,Tonbye,ntonbye28,Legal,Zurich
2981337378,Giacobo,Mewe,gmewe29,Accounting,Singapore
8655742309,Randie,Willingale,rwillingale2a,Marketing,Atlanta
8360795630,Kinny,Beekman,kbeekman2b,Accounting,Rome
4244257330,Simeon,Romanski,sromanski2c,Legal,Addis Ababa
8224066029,Ricky,Kezar,rkezar2d,Research and Development,Rome
7402904458,Joleen,Date,jdate2e,Research and Development,Paris
4719347215,Kiel,Coverly,kcoverly2f,Business Development,Paris
7132043110,Obidiah,Esberger,oesberger2g,Marketing,Atlanta
2791290060,Rickie,Matteotti,rmatteotti2h,Product Management,Paris
3578121665,Constantino,Tomblin,ctomblin2i,Legal,Chicago
2230660276,Bat,Stothert,bstothert2j,Human Resources,Paris
7678121083,Tadd,Hillett,thillett2k,Research and Development,Chicago
7366596736,Adolpho,Ritchie,aritchie2l,Product Management,Paris
0780243137,Amery,Graber,agraber2m,Human Resources,Atlanta
4875302991,Cloe,Di Carlo,cdicarlo2n,Engineering,San Francisco
7307337606,Tarra,Tollet,ttollet2o,Sales,Tokyo
2599968593,Katharyn,Gasquoine,kgasquoine2p,Accounting,Addis Ababa
1986830349,Alphonso,Seward,aseward2q,Services,San Francisco
6724224217,Tessie,Crouch,tcrouch2r,Human Resources,Frankfurt
